text,label
प्रधानमन्त्रीले संसदमा नीति तथा कार्यक्रम प्रस्तुत गरे।,राजनीति
आज प्रधानमन्त्रीले संसदमा नीति तथा कार्यक्रम प्रस्तुत गरे।,राजनीति
हिजो प्रधानमन्त्रीले संसदमा नीति तथा कार्यक्रम प्रस्तुत गरे।,राजनीति
यस साता प्रधानमन्त्रीले संसदमा नीति तथा कार्यक्रम प्रस्तुत गरे।,राजनीति
भर्खरै प्रधानमन्त्रीले संसदमा नीति तथा कार्यक्रम प्रस्तुत गरे।,राजनीति
यस वर्ष प्रधानमन्त्रीले संसदमा नीति तथा कार्यक्रम प्रस्तुत गरे।,राजनीति
"समाचारअनुसार, प्रधानमन्त्रीले संसदमा नीति तथा कार्यक्रम प्रस्तुत गरे।",राजनीति
"प्राप्त जानकारीअनुसार, प्रधानमन्त्रीले संसदमा नीति तथा कार्यक्रम प्रस्तुत गरे।",राजनीति
मन्त्रिपरिषद् बैठकले नयाँ अध्यादेश पारित गर्‍यो।,राजनीति
आज मन्त्रिपरिषद् बैठकले नयाँ अध्यादेश पारित गर्‍यो।,राजनीति
हिजो मन्त्रिपरिषद् बैठकले नयाँ अध्यादेश पारित गर्‍यो।,राजनीति
यस साता मन्त्रिपरिषद् बैठकले नयाँ अध्यादेश पारित गर्‍यो।,राजनीति
भर्खरै मन्त्रिपरिषद् बैठकले नयाँ अध्यादेश पारित गर्‍यो।,राजनीति
यस वर्ष मन्त्रिपरिषद् बैठकले नयाँ अध्यादेश पारित गर्‍यो।,राजनीति
"समाचारअनुसार, मन्त्रिपरिषद् बैठकले नयाँ अध्यादेश पारित गर्‍यो।",राजनीति
"प्राप्त जानकारीअनुसार, मन्त्रिपरिषद् बैठकले नयाँ अध्यादेश पारित गर्‍यो।",राजनीति
निर्वाचन आयोगले स्थानीय तह निर्वाचनको मिति घोषणा गर्‍यो।,राजनीति
आज निर्वाचन आयोगले स्थानीय तह निर्वाचनको मिति घोषणा गर्‍यो।,राजनीति
हिजो निर्वाचन आयोगले स्थानीय तह निर्वाचनको मिति घोषणा गर्‍यो।,राजनीति
यस साता निर्वाचन आयोगले स्थानीय तह निर्वाचनको मिति घोषणा गर्‍यो।,राजनीति
भर्खरै निर्वाचन आयोगले स्थानीय तह निर्वाचनको मिति घोषणा गर्‍यो।,राजनीति
यस वर्ष निर्वाचन आयोगले स्थानीय तह निर्वाचनको मिति घोषणा गर्‍यो।,राजनीति
"समाचारअनुसार, निर्वाचन आयोगले स्थानीय तह निर्वाचनको मिति घोषणा गर्‍यो।",राजनीति
"प्राप्त जानकारीअनुसार, निर्वाचन आयोगले स्थानीय तह निर्वाचनको मिति घोषणा गर्‍यो।",राजनीति
प्रतिपक्षी दलले सरकारविरुद्ध अविश्वासको प्रस्ताव दर्ता गरायो।,राजनीति
आज प्रतिपक्षी दलले सरकारविरुद्ध अविश्वासको प्रस्ताव दर्ता गरायो।,राजनीति
हिजो प्रतिपक्षी दलले सरकारविरुद्ध अविश्वासको प्रस्ताव दर्ता गरायो।,राजनीति
यस साता प्रतिपक्षी दलले सरकारविरुद्ध अविश्वासको प्रस्ताव दर्ता गरायो।,राजनीति
भर्खरै प्रतिपक्षी दलले सरकारविरुद्ध अविश्वासको प्रस्ताव दर्ता गरायो।,राजनीति
यस वर्ष प्रतिपक्षी दलले सरकारविरुद्ध अविश्वासको प्रस्ताव दर्ता गरायो।,राजनीति
"समाचारअनुसार, प्रतिपक्षी दलले सरकारविरुद्ध अविश्वासको प्रस्ताव दर्ता गरायो।",राजनीति
"प्राप्त जानकारीअनुसार, प्रतिपक्षी दलले सरकारविरुद्ध अविश्वासको प्रस्ताव दर्ता गरायो।",राजनीति
सत्तारूढ दल र प्रतिपक्षबीच बजेटमाथि तीव्र बहस भयो।,राजनीति
आज सत्तारूढ दल र प्रतिपक्षबीच बजेटमाथि तीव्र बहस भयो।,राजनीति
हिजो सत्तारूढ दल र प्रतिपक्षबीच बजेटमाथि तीव्र बहस भयो।,राजनीति
यस साता सत्तारूढ दल र प्रतिपक्षबीच बजेटमाथि तीव्र बहस भयो।,राजनीति
भर्खरै सत्तारूढ दल र प्रतिपक्षबीच बजेटमाथि तीव्र बहस भयो।,राजनीति
यस वर्ष सत्तारूढ दल र प्रतिपक्षबीच बजेटमाथि तीव्र बहस भयो।,राजनीति
"समाचारअनुसार, सत्तारूढ दल र प्रतिपक्षबीच बजेटमाथि तीव्र बहस भयो।",राजनीति
"प्राप्त जानकारीअनुसार, सत्तारूढ दल र प्रतिपक्षबीच बजेटमाथि तीव्र बहस भयो।",राजनीति
राष्ट्रपतिले नयाँ सरकार गठनका लागि आह्वान गर्नुभयो।,राजनीति
आज राष्ट्रपतिले नयाँ सरकार गठनका लागि आह्वान गर्नुभयो।,राजनीति
हिजो राष्ट्रपतिले नयाँ सरकार गठनका लागि आह्वान गर्नुभयो।,राजनीति
यस साता राष्ट्रपतिले नयाँ सरकार गठनका लागि आह्वान गर्नुभयो।,राजनीति
भर्खरै राष्ट्रपतिले नयाँ सरकार गठनका लागि आह्वान गर्नुभयो।,राजनीति
यस वर्ष राष्ट्रपतिले नयाँ सरकार गठनका लागि आह्वान गर्नुभयो।,राजनीति
"समाचारअनुसार, राष्ट्रपतिले नयाँ सरकार गठनका लागि आह्वान गर्नुभयो।",राजनीति
"प्राप्त जानकारीअनुसार, राष्ट्रपतिले नयाँ सरकार गठनका लागि आह्वान गर्नुभयो।",राजनीति
सांसदहरूले संसदमा भ्रष्टाचारविरुद्ध आवाज उठाए।,राजनीति
आज सांसदहरूले संसदमा भ्रष्टाचारविरुद्ध आवाज उठाए।,राजनीति
हिजो सांसदहरूले संसदमा भ्रष्टाचारविरुद्ध आवाज उठाए।,राजनीति
यस साता सांसदहरूले संसदमा भ्रष्टाचारविरुद्ध आवाज उठाए।,राजनीति
भर्खरै सांसदहरूले संसदमा भ्रष्टाचारविरुद्ध आवाज उठाए।,राजनीति
यस वर्ष सांसदहरूले संसदमा भ्रष्टाचारविरुद्ध आवाज उठाए।,राजनीति
"समाचारअनुसार, सांसदहरूले संसदमा भ्रष्टाचारविरुद्ध आवाज उठाए।",राजनीति
"प्राप्त जानकारीअनुसार, सांसदहरूले संसदमा भ्रष्टाचारविरुद्ध आवाज उठाए।",राजनीति
गृहमन्त्रीले देशको सुरक्षा अवस्थाबारे जानकारी दिए।,राजनीति
आज गृहमन्त्रीले देशको सुरक्षा अवस्थाबारे जानकारी दिए।,राजनीति
हिजो गृहमन्त्रीले देशको सुरक्षा अवस्थाबारे जानकारी दिए।,राजनीति
यस साता गृहमन्त्रीले देशको सुरक्षा अवस्थाबारे जानकारी दिए।,राजनीति
भर्खरै गृहमन्त्रीले देशको सुरक्षा अवस्थाबारे जानकारी दिए।,राजनीति
यस वर्ष गृहमन्त्रीले देशको सुरक्षा अवस्थाबारे जानकारी दिए।,राजनीति
"समाचारअनुसार, गृहमन्त्रीले देशको सुरक्षा अवस्थाबारे जानकारी दिए।",राजनीति
"प्राप्त जानकारीअनुसार, गृहमन्त्रीले देशको सुरक्षा अवस्थाबारे जानकारी दिए।",राजनीति
प्रमुख दलहरूले चुनावी गठबन्धनको घोषणा गरे।,राजनीति
आज प्रमुख दलहरूले चुनावी गठबन्धनको घोषणा गरे।,राजनीति
हिजो प्रमुख दलहरूले चुनावी गठबन्धनको घोषणा गरे।,राजनीति
यस साता प्रमुख दलहरूले चुनावी गठबन्धनको घोषणा गरे।,राजनीति
भर्खरै प्रमुख दलहरूले चुनावी गठबन्धनको घोषणा गरे।,राजनीति
यस वर्ष प्रमुख दलहरूले चुनावी गठबन्धनको घोषणा गरे।,राजनीति
"समाचारअनुसार, प्रमुख दलहरूले चुनावी गठबन्धनको घोषणा गरे।",राजनीति
"प्राप्त जानकारीअनुसार, प्रमुख दलहरूले चुनावी गठबन्धनको घोषणा गरे।",राजनीति
संविधान संशोधनको विषयमा दलहरूबीच छलफल जारी रह्यो।,राजनीति
आज संविधान संशोधनको विषयमा दलहरूबीच छलफल जारी रह्यो।,राजनीति
हिजो संविधान संशोधनको विषयमा दलहरूबीच छलफल जारी रह्यो।,राजनीति
यस साता संविधान संशोधनको विषयमा दलहरूबीच छलफल जारी रह्यो।,राजनीति
भर्खरै संविधान संशोधनको विषयमा दलहरूबीच छलफल जारी रह्यो।,राजनीति
यस वर्ष संविधान संशोधनको विषयमा दलहरूबीच छलफल जारी रह्यो।,राजनीति
"समाचारअनुसार, संविधान संशोधनको विषयमा दलहरूबीच छलफल जारी रह्यो।",राजनीति
"प्राप्त जानकारीअनुसार, संविधान संशोधनको विषयमा दलहरूबीच छलफल जारी रह्यो।",राजनीति
प्रधानमन्त्री र प्रतिपक्षी नेताबीच शीर्ष भेटवार्ता भयो।,राजनीति
आज प्रधानमन्त्री र प्रतिपक्षी नेताबीच शीर्ष भेटवार्ता भयो।,राजनीति
हिजो प्रधानमन्त्री र प्रतिपक्षी नेताबीच शीर्ष भेटवार्ता भयो।,राजनीति
यस साता प्रधानमन्त्री र प्रतिपक्षी नेताबीच शीर्ष भेटवार्ता भयो।,राजनीति
भर्खरै प्रधानमन्त्री र प्रतिपक्षी नेताबीच शीर्ष भेटवार्ता भयो।,राजनीति
यस वर्ष प्रधानमन्त्री र प्रतिपक्षी नेताबीच शीर्ष भेटवार्ता भयो।,राजनीति
"समाचारअनुसार, प्रधानमन्त्री र प्रतिपक्षी नेताबीच शीर्ष भेटवार्ता भयो।",राजनीति
"प्राप्त जानकारीअनुसार, प्रधानमन्त्री र प्रतिपक्षी नेताबीच शीर्ष भेटवार्ता भयो।",राजनीति
मन्त्रीले नयाँ कानुन कार्यान्वयन गर्ने प्रतिबद्धता जनाए।,राजनीति
आज मन्त्रीले नयाँ कानुन कार्यान्वयन गर्ने प्रतिबद्धता जनाए।,राजनीति
हिजो मन्त्रीले नयाँ कानुन कार्यान्वयन गर्ने प्रतिबद्धता जनाए।,राजनीति
यस साता मन्त्रीले नयाँ कानुन कार्यान्वयन गर्ने प्रतिबद्धता जनाए।,राजनीति
भर्खरै मन्त्रीले नयाँ कानुन कार्यान्वयन गर्ने प्रतिबद्धता जनाए।,राजनीति
यस वर्ष मन्त्रीले नयाँ कानुन कार्यान्वयन गर्ने प्रतिबद्धता जनाए।,राजनीति
"समाचारअनुसार, मन्त्रीले नयाँ कानुन कार्यान्वयन गर्ने प्रतिबद्धता जनाए।",राजनीति
"प्राप्त जानकारीअनुसार, मन्त्रीले नयाँ कानुन कार्यान्वयन गर्ने प्रतिबद्धता जनाए।",राजनीति
सरकारले राजदूत नियुक्तिको सिफारिस अनुमोदन गर्‍यो।,राजनीति
आज सरकारले राजदूत नियुक्तिको सिफारिस अनुमोदन गर्‍यो।,राजनीति
हिजो सरकारले राजदूत नियुक्तिको सिफारिस अनुमोदन गर्‍यो।,राजनीति
यस साता सरकारले राजदूत नियुक्तिको सिफारिस अनुमोदन गर्‍यो।,राजनीति
भर्खरै सरकारले राजदूत नियुक्तिको सिफारिस अनुमोदन गर्‍यो।,राजनीति
यस वर्ष सरकारले राजदूत नियुक्तिको सिफारिस अनुमोदन गर्‍यो।,राजनीति
"समाचारअनुसार, सरकारले राजदूत नियुक्तिको सिफारिस अनुमोदन गर्‍यो।",राजनीति
"प्राप्त जानकारीअनुसार, सरकारले राजदूत नियुक्तिको सिफारिस अनुमोदन गर्‍यो।",राजनीति
दलका कार्यकर्ताले राजधानीमा शान्तिपूर्ण प्रदर्शन गरे।,राजनीति
आज दलका कार्यकर्ताले राजधानीमा शान्तिपूर्ण प्रदर्शन गरे।,राजनीति
हिजो दलका कार्यकर्ताले राजधानीमा शान्तिपूर्ण प्रदर्शन गरे।,राजनीति
यस साता दलका कार्यकर्ताले राजधानीमा शान्तिपूर्ण प्रदर्शन गरे।,राजनीति
भर्खरै दलका कार्यकर्ताले राजधानीमा शान्तिपूर्ण प्रदर्शन गरे।,राजनीति
यस वर्ष दलका कार्यकर्ताले राजधानीमा शान्तिपूर्ण प्रदर्शन गरे।,राजनीति
"समाचारअनुसार, दलका कार्यकर्ताले राजधानीमा शान्तिपूर्ण प्रदर्शन गरे।",राजनीति
"प्राप्त जानकारीअनुसार, दलका कार्यकर्ताले राजधानीमा शान्तिपूर्ण प्रदर्शन गरे।",राजनीति
नेपाली क्रिकेट टोलीले प्रतिद्वन्द्वीलाई हराउँदै खेल जित्यो।,खेलकुद
आज नेपाली क्रिकेट टोलीले प्रतिद्वन्द्वीलाई हराउँदै खेल जित्यो।,खेलकुद
हिजो नेपाली क्रिकेट टोलीले प्रतिद्वन्द्वीलाई हराउँदै खेल जित्यो।,खेलकुद
यस साता नेपाली क्रिकेट टोलीले प्रतिद्वन्द्वीलाई हराउँदै खेल जित्यो।,खेलकुद
भर्खरै नेपाली क्रिकेट टोलीले प्रतिद्वन्द्वीलाई हराउँदै खेल जित्यो।,खेलकुद
यस वर्ष नेपाली क्रिकेट टोलीले प्रतिद्वन्द्वीलाई हराउँदै खेल जित्यो।,खेलकुद
"समाचारअनुसार, नेपाली क्रिकेट टोलीले प्रतिद्वन्द्वीलाई हराउँदै खेल जित्यो।",खेलकुद
"प्राप्त जानकारीअनुसार, नेपाली क्रिकेट टोलीले प्रतिद्वन्द्वीलाई हराउँदै खेल जित्यो।",खेलकुद
फुटबल खेलमा घरेलु टोली विजयी भयो।,खेलकुद
आज फुटबल खेलमा घरेलु टोली विजयी भयो।,खेलकुद
हिजो फुटबल खेलमा घरेलु टोली विजयी भयो।,खेलकुद
यस साता फुटबल खेलमा घरेलु टोली विजयी भयो।,खेलकुद
भर्खरै फुटबल खेलमा घरेलु टोली विजयी भयो।,खेलकुद
यस वर्ष फुटबल खेलमा घरेलु टोली विजयी भयो।,खेलकुद
"समाचारअनुसार, फुटबल खेलमा घरेलु टोली विजयी भयो।",खेलकुद
"प्राप्त जानकारीअनुसार, फुटबल खेलमा घरेलु टोली विजयी भयो।",खेलकुद
खेलाडीले म्याराथनमा नयाँ राष्ट्रिय कीर्तिमान बनाए।,खेलकुद
आज खेलाडीले म्याराथनमा नयाँ राष्ट्रिय कीर्तिमान बनाए।,खेलकुद
हिजो खेलाडीले म्याराथनमा नयाँ राष्ट्रिय कीर्तिमान बनाए।,खेलकुद
यस साता खेलाडीले म्याराथनमा नयाँ राष्ट्रिय कीर्तिमान बनाए।,खेलकुद
भर्खरै खेलाडीले म्याराथनमा नयाँ राष्ट्रिय कीर्तिमान बनाए।,खेलकुद
यस वर्ष खेलाडीले म्याराथनमा नयाँ राष्ट्रिय कीर्तिमान बनाए।,खेलकुद
"समाचारअनुसार, खेलाडीले म्याराथनमा नयाँ राष्ट्रिय कीर्तिमान बनाए।",खेलकुद
"प्राप्त जानकारीअनुसार, खेलाडीले म्याराथनमा नयाँ राष्ट्रिय कीर्तिमान बनाए।",खेलकुद
विश्वकपका लागि राष्ट्रिय टोली घोषणा भयो।,खेलकुद
आज विश्वकपका लागि राष्ट्रिय टोली घोषणा भयो।,खेलकुद
हिजो विश्वकपका लागि राष्ट्रिय टोली घोषणा भयो।,खेलकुद
यस साता विश्वकपका लागि राष्ट्रिय टोली घोषणा भयो।,खेलकुद
भर्खरै विश्वकपका लागि राष्ट्रिय टोली घोषणा भयो।,खेलकुद
यस वर्ष विश्वकपका लागि राष्ट्रिय टोली घोषणा भयो।,खेलकुद
"समाचारअनुसार, विश्वकपका लागि राष्ट्रिय टोली घोषणा भयो।",खेलकुद
"प्राप्त जानकारीअनुसार, विश्वकपका लागि राष्ट्रिय टोली घोषणा भयो।",खेलकुद
कप्तानले टस जितेर पहिले ब्याटिङ रोजे।,खेलकुद
आज कप्तानले टस जितेर पहिले ब्याटिङ रोजे।,खेलकुद
हिजो कप्तानले टस जितेर पहिले ब्याटिङ रोजे।,खेलकुद
यस साता कप्तानले टस जितेर पहिले ब्याटिङ रोजे।,खेलकुद
भर्खरै कप्तानले टस जितेर पहिले ब्याटिङ रोजे।,खेलकुद
यस वर्ष कप्तानले टस जितेर पहिले ब्याटिङ रोजे।,खेलकुद
"समाचारअनुसार, कप्तानले टस जितेर पहिले ब्याटिङ रोजे।",खेलकुद
"प्राप्त जानकारीअनुसार, कप्तानले टस जितेर पहिले ब्याटिङ रोजे।",खेलकुद
भलिबल प्रतियोगिताको फाइनलमा दुई टोली भिड्नेछन्।,खेलकुद
आज भलिबल प्रतियोगिताको फाइनलमा दुई टोली भिड्नेछन्।,खेलकुद
हिजो भलिबल प्रतियोगिताको फाइनलमा दुई टोली भिड्नेछन्।,खेलकुद
यस साता भलिबल प्रतियोगिताको फाइनलमा दुई टोली भिड्नेछन्।,खेलकुद
भर्खरै भलिबल प्रतियोगिताको फाइनलमा दुई टोली भिड्नेछन्।,खेलकुद
यस वर्ष भलिबल प्रतियोगिताको फाइनलमा दुई टोली भिड्नेछन्।,खेलकुद
"समाचारअनुसार, भलिबल प्रतियोगिताको फाइनलमा दुई टोली भिड्नेछन्।",खेलकुद
"प्राप्त जानकारीअनुसार, भलिबल प्रतियोगिताको फाइनलमा दुई टोली भिड्नेछन्।",खेलकुद
खेलाडीहरूले रंगशालामा कडा अभ्यास गरे।,खेलकुद
आज खेलाडीहरूले रंगशालामा कडा अभ्यास गरे।,खेलकुद
हिजो खेलाडीहरूले रंगशालामा कडा अभ्यास गरे।,खेलकुद
यस साता खेलाडीहरूले रंगशालामा कडा अभ्यास गरे।,खेलकुद
भर्खरै खेलाडीहरूले रंगशालामा कडा अभ्यास गरे।,खेलकुद
यस वर्ष खेलाडीहरूले रंगशालामा कडा अभ्यास गरे।,खेलकुद
"समाचारअनुसार, खेलाडीहरूले रंगशालामा कडा अभ्यास गरे।",खेलकुद
"प्राप्त जानकारीअनुसार, खेलाडीहरूले रंगशालामा कडा अभ्यास गरे।",खेलकुद
नेपाली टोली सेमिफाइनलमा प्रवेश गर्‍यो।,खेलकुद
आज नेपाली टोली सेमिफाइनलमा प्रवेश गर्‍यो।,खेलकुद
हिजो नेपाली टोली सेमिफाइनलमा प्रवेश गर्‍यो।,खेलकुद
यस साता नेपाली टोली सेमिफाइनलमा प्रवेश गर्‍यो।,खेलकुद
भर्खरै नेपाली टोली सेमिफाइनलमा प्रवेश गर्‍यो।,खेलकुद
यस वर्ष नेपाली टोली सेमिफाइनलमा प्रवेश गर्‍यो।,खेलकुद
"समाचारअनुसार, नेपाली टोली सेमिफाइनलमा प्रवेश गर्‍यो।",खेलकुद
"प्राप्त जानकारीअनुसार, नेपाली टोली सेमिफाइनलमा प्रवेश गर्‍यो।",खेलकुद
ओलम्पिकमा नेपालका खेलाडीले सहभागिता जनाए।,खेलकुद
आज ओलम्पिकमा नेपालका खेलाडीले सहभागिता जनाए।,खेलकुद
हिजो ओलम्पिकमा नेपालका खेलाडीले सहभागिता जनाए।,खेलकुद
यस साता ओलम्पिकमा नेपालका खेलाडीले सहभागिता जनाए।,खेलकुद
भर्खरै ओलम्पिकमा नेपालका खेलाडीले सहभागिता जनाए।,खेलकुद
यस वर्ष ओलम्पिकमा नेपालका खेलाडीले सहभागिता जनाए।,खेलकुद
"समाचारअनुसार, ओलम्पिकमा नेपालका खेलाडीले सहभागिता जनाए।",खेलकुद
"प्राप्त जानकारीअनुसार, ओलम्पिकमा नेपालका खेलाडीले सहभागिता जनाए।",खेलकुद
दर्शकहरूले स्टेडियममा टोलीलाई उत्साहका साथ स्वागत गरे।,खेलकुद
आज दर्शकहरूले स्टेडियममा टोलीलाई उत्साहका साथ स्वागत गरे।,खेलकुद
हिजो दर्शकहरूले स्टेडियममा टोलीलाई उत्साहका साथ स्वागत गरे।,खेलकुद
यस साता दर्शकहरूले स्टेडियममा टोलीलाई उत्साहका साथ स्वागत गरे।,खेलकुद
भर्खरै दर्शकहरूले स्टेडियममा टोलीलाई उत्साहका साथ स्वागत गरे।,खेलकुद
यस वर्ष दर्शकहरूले स्टेडियममा टोलीलाई उत्साहका साथ स्वागत गरे।,खेलकुद
"समाचारअनुसार, दर्शकहरूले स्टेडियममा टोलीलाई उत्साहका साथ स्वागत गरे।",खेलकुद
"प्राप्त जानकारीअनुसार, दर्शकहरूले स्टेडियममा टोलीलाई उत्साहका साथ स्वागत गरे।",खेलकुद
गोलकिपरको उत्कृष्ट बचावले टोलीलाई जित दिलायो।,खेलकुद
आज गोलकिपरको उत्कृष्ट बचावले टोलीलाई जित दिलायो।,खेलकुद
हिजो गोलकिपरको उत्कृष्ट बचावले टोलीलाई जित दिलायो।,खेलकुद
यस साता गोलकिपरको उत्कृष्ट बचावले टोलीलाई जित दिलायो।,खेलकुद
भर्खरै गोलकिपरको उत्कृष्ट बचावले टोलीलाई जित दिलायो।,खेलकुद
यस वर्ष गोलकिपरको उत्कृष्ट बचावले टोलीलाई जित दिलायो।,खेलकुद
"समाचारअनुसार, गोलकिपरको उत्कृष्ट बचावले टोलीलाई जित दिलायो।",खेलकुद
"प्राप्त जानकारीअनुसार, गोलकिपरको उत्कृष्ट बचावले टोलीलाई जित दिलायो।",खेलकुद
राष्ट्रिय टेनिस प्रतियोगिता सम्पन्न भयो।,खेलकुद
आज राष्ट्रिय टेनिस प्रतियोगिता सम्पन्न भयो।,खेलकुद
हिजो राष्ट्रिय टेनिस प्रतियोगिता सम्पन्न भयो।,खेलकुद
यस साता राष्ट्रिय टेनिस प्रतियोगिता सम्पन्न भयो।,खेलकुद
भर्खरै राष्ट्रिय टेनिस प्रतियोगिता सम्पन्न भयो।,खेलकुद
यस वर्ष राष्ट्रिय टेनिस प्रतियोगिता सम्पन्न भयो।,खेलकुद
"समाचारअनुसार, राष्ट्रिय टेनिस प्रतियोगिता सम्पन्न भयो।",खेलकुद
"प्राप्त जानकारीअनुसार, राष्ट्रिय टेनिस प्रतियोगिता सम्पन्न भयो।",खेलकुद
युवा खेलाडीले पदक जितेर देशको इज्जत बढाए।,खेलकुद
आज युवा खेलाडीले पदक जितेर देशको इज्जत बढाए।,खेलकुद
हिजो युवा खेलाडीले पदक जितेर देशको इज्जत बढाए।,खेलकुद
यस साता युवा खेलाडीले पदक जितेर देशको इज्जत बढाए।,खेलकुद
भर्खरै युवा खेलाडीले पदक जितेर देशको इज्जत बढाए।,खेलकुद
यस वर्ष युवा खेलाडीले पदक जितेर देशको इज्जत बढाए।,खेलकुद
"समाचारअनुसार, युवा खेलाडीले पदक जितेर देशको इज्जत बढाए।",खेलकुद
"प्राप्त जानकारीअनुसार, युवा खेलाडीले पदक जितेर देशको इज्जत बढाए।",खेलकुद
प्रशिक्षकले आगामी खेलका लागि रणनीति तयार पारे।,खेलकुद
आज प्रशिक्षकले आगामी खेलका लागि रणनीति तयार पारे।,खेलकुद
हिजो प्रशिक्षकले आगामी खेलका लागि रणनीति तयार पारे।,खेलकुद
यस साता प्रशिक्षकले आगामी खेलका लागि रणनीति तयार पारे।,खेलकुद
भर्खरै प्रशिक्षकले आगामी खेलका लागि रणनीति तयार पारे।,खेलकुद
यस वर्ष प्रशिक्षकले आगामी खेलका लागि रणनीति तयार पारे।,खेलकुद
"समाचारअनुसार, प्रशिक्षकले आगामी खेलका लागि रणनीति तयार पारे।",खेलकुद
"प्राप्त जानकारीअनुसार, प्रशिक्षकले आगामी खेलका लागि रणनीति तयार पारे।",खेलकुद
नयाँ स्मार्टफोनमा उन्नत क्यामेरा र ब्याट्री राखिएको छ।,प्रविधि
आज नयाँ स्मार्टफोनमा उन्नत क्यामेरा र ब्याट्री राखिएको छ।,प्रविधि
हिजो नयाँ स्मार्टफोनमा उन्नत क्यामेरा र ब्याट्री राखिएको छ।,प्रविधि
यस साता नयाँ स्मार्टफोनमा उन्नत क्यामेरा र ब्याट्री राखिएको छ।,प्रविधि
भर्खरै नयाँ स्मार्टफोनमा उन्नत क्यामेरा र ब्याट्री राखिएको छ।,प्रविधि
यस वर्ष नयाँ स्मार्टफोनमा उन्नत क्यामेरा र ब्याट्री राखिएको छ।,प्रविधि
"समाचारअनुसार, नयाँ स्मार्टफोनमा उन्नत क्यामेरा र ब्याट्री राखिएको छ।",प्रविधि
"प्राप्त जानकारीअनुसार, नयाँ स्मार्टफोनमा उन्नत क्यामेरा र ब्याट्री राखिएको छ।",प्रविधि
कृत्रिम बुद्धिमत्ताले उद्योगमा ठूलो परिवर्तन ल्याएको छ।,प्रविधि
आज कृत्रिम बुद्धिमत्ताले उद्योगमा ठूलो परिवर्तन ल्याएको छ।,प्रविधि
हिजो कृत्रिम बुद्धिमत्ताले उद्योगमा ठूलो परिवर्तन ल्याएको छ।,प्रविधि
यस साता कृत्रिम बुद्धिमत्ताले उद्योगमा ठूलो परिवर्तन ल्याएको छ।,प्रविधि
भर्खरै कृत्रिम बुद्धिमत्ताले उद्योगमा ठूलो परिवर्तन ल्याएको छ।,प्रविधि
यस वर्ष कृत्रिम बुद्धिमत्ताले उद्योगमा ठूलो परिवर्तन ल्याएको छ।,प्रविधि
"समाचारअनुसार, कृत्रिम बुद्धिमत्ताले उद्योगमा ठूलो परिवर्तन ल्याएको छ।",प्रविधि
"प्राप्त जानकारीअनुसार, कृत्रिम बुद्धिमत्ताले उद्योगमा ठूलो परिवर्तन ल्याएको छ।",प्रविधि
कम्पनीले नयाँ सफ्टवेयर बजारमा सार्वजनिक गर्‍यो।,प्रविधि
आज कम्पनीले नयाँ सफ्टवेयर बजारमा सार्वजनिक गर्‍यो।,प्रविधि
हिजो कम्पनीले नयाँ सफ्टवेयर बजारमा सार्वजनिक गर्‍यो।,प्रविधि
यस साता कम्पनीले नयाँ सफ्टवेयर बजारमा सार्वजनिक गर्‍यो।,प्रविधि
भर्खरै कम्पनीले नयाँ सफ्टवेयर बजारमा सार्वजनिक गर्‍यो।,प्रविधि
यस वर्ष कम्पनीले नयाँ सफ्टवेयर बजारमा सार्वजनिक गर्‍यो।,प्रविधि
"समाचारअनुसार, कम्पनीले नयाँ सफ्टवेयर बजारमा सार्वजनिक गर्‍यो।",प्रविधि
"प्राप्त जानकारीअनुसार, कम्पनीले नयाँ सफ्टवेयर बजारमा सार्वजनिक गर्‍यो।",प्रविधि
इन्टरनेटको गति बढ्दा प्रयोगकर्ता लाभान्वित भए।,प्रविधि
आज इन्टरनेटको गति बढ्दा प्रयोगकर्ता लाभान्वित भए।,प्रविधि
हिजो इन्टरनेटको गति बढ्दा प्रयोगकर्ता लाभान्वित भए।,प्रविधि
यस साता इन्टरनेटको गति बढ्दा प्रयोगकर्ता लाभान्वित भए।,प्रविधि
भर्खरै इन्टरनेटको गति बढ्दा प्रयोगकर्ता लाभान्वित भए।,प्रविधि
यस वर्ष इन्टरनेटको गति बढ्दा प्रयोगकर्ता लाभान्वित भए।,प्रविधि
"समाचारअनुसार, इन्टरनेटको गति बढ्दा प्रयोगकर्ता लाभान्वित भए।",प्रविधि
"प्राप्त जानकारीअनुसार, इन्टरनेटको गति बढ्दा प्रयोगकर्ता लाभान्वित भए।",प्रविधि
वैज्ञानिकहरूले नयाँ प्रविधि सफलतापूर्वक विकास गरे।,प्रविधि
आज वैज्ञानिकहरूले नयाँ प्रविधि सफलतापूर्वक विकास गरे।,प्रविधि
हिजो वैज्ञानिकहरूले नयाँ प्रविधि सफलतापूर्वक विकास गरे।,प्रविधि
यस साता वैज्ञानिकहरूले नयाँ प्रविधि सफलतापूर्वक विकास गरे।,प्रविधि
भर्खरै वैज्ञानिकहरूले नयाँ प्रविधि सफलतापूर्वक विकास गरे।,प्रविधि
यस वर्ष वैज्ञानिकहरूले नयाँ प्रविधि सफलतापूर्वक विकास गरे।,प्रविधि
"समाचारअनुसार, वैज्ञानिकहरूले नयाँ प्रविधि सफलतापूर्वक विकास गरे।",प्रविधि
"प्राप्त जानकारीअनुसार, वैज्ञानिकहरूले नयाँ प्रविधि सफलतापूर्वक विकास गरे।",प्रविधि
मोबाइल एपले दैनिक जीवन सहज बनाएको छ।,प्रविधि
आज मोबाइल एपले दैनिक जीवन सहज बनाएको छ।,प्रविधि
हिजो मोबाइल एपले दैनिक जीवन सहज बनाएको छ।,प्रविधि
यस साता मोबाइल एपले दैनिक जीवन सहज बनाएको छ।,प्रविधि
भर्खरै मोबाइल एपले दैनिक जीवन सहज बनाएको छ।,प्रविधि
यस वर्ष मोबाइल एपले दैनिक जीवन सहज बनाएको छ।,प्रविधि
"समाचारअनुसार, मोबाइल एपले दैनिक जीवन सहज बनाएको छ।",प्रविधि
"प्राप्त जानकारीअनुसार, मोबाइल एपले दैनिक जीवन सहज बनाएको छ।",प्रविधि
डिजिटल भुक्तानी प्रणाली लोकप्रिय हुँदै गयो।,प्रविधि
आज डिजिटल भुक्तानी प्रणाली लोकप्रिय हुँदै गयो।,प्रविधि
हिजो डिजिटल भुक्तानी प्रणाली लोकप्रिय हुँदै गयो।,प्रविधि
यस साता डिजिटल भुक्तानी प्रणाली लोकप्रिय हुँदै गयो।,प्रविधि
भर्खरै डिजिटल भुक्तानी प्रणाली लोकप्रिय हुँदै गयो।,प्रविधि
यस वर्ष डिजिटल भुक्तानी प्रणाली लोकप्रिय हुँदै गयो।,प्रविधि
"समाचारअनुसार, डिजिटल भुक्तानी प्रणाली लोकप्रिय हुँदै गयो।",प्रविधि
"प्राप्त जानकारीअनुसार, डिजिटल भुक्तानी प्रणाली लोकप्रिय हुँदै गयो।",प्रविधि
साइबर सुरक्षामा सतर्क रहन विज्ञले सुझाव दिए।,प्रविधि
आज साइबर सुरक्षामा सतर्क रहन विज्ञले सुझाव दिए।,प्रविधि
हिजो साइबर सुरक्षामा सतर्क रहन विज्ञले सुझाव दिए।,प्रविधि
यस साता साइबर सुरक्षामा सतर्क रहन विज्ञले सुझाव दिए।,प्रविधि
भर्खरै साइबर सुरक्षामा सतर्क रहन विज्ञले सुझाव दिए।,प्रविधि
यस वर्ष साइबर सुरक्षामा सतर्क रहन विज्ञले सुझाव दिए।,प्रविधि
"समाचारअनुसार, साइबर सुरक्षामा सतर्क रहन विज्ञले सुझाव दिए।",प्रविधि
"प्राप्त जानकारीअनुसार, साइबर सुरक्षामा सतर्क रहन विज्ञले सुझाव दिए।",प्रविधि
नयाँ ल्यापटप हलुका र छिटो भएको दाबी गरियो।,प्रविधि
आज नयाँ ल्यापटप हलुका र छिटो भएको दाबी गरियो।,प्रविधि
हिजो नयाँ ल्यापटप हलुका र छिटो भएको दाबी गरियो।,प्रविधि
यस साता नयाँ ल्यापटप हलुका र छिटो भएको दाबी गरियो।,प्रविधि
भर्खरै नयाँ ल्यापटप हलुका र छिटो भएको दाबी गरियो।,प्रविधि
यस वर्ष नयाँ ल्यापटप हलुका र छिटो भएको दाबी गरियो।,प्रविधि
"समाचारअनुसार, नयाँ ल्यापटप हलुका र छिटो भएको दाबी गरियो।",प्रविधि
"प्राप्त जानकारीअनुसार, नयाँ ल्यापटप हलुका र छिटो भएको दाबी गरियो।",प्रविधि
अनलाइन शिक्षाले विद्यार्थीलाई नयाँ अवसर दियो।,प्रविधि
आज अनलाइन शिक्षाले विद्यार्थीलाई नयाँ अवसर दियो।,प्रविधि
हिजो अनलाइन शिक्षाले विद्यार्थीलाई नयाँ अवसर दियो।,प्रविधि
यस साता अनलाइन शिक्षाले विद्यार्थीलाई नयाँ अवसर दियो।,प्रविधि
भर्खरै अनलाइन शिक्षाले विद्यार्थीलाई नयाँ अवसर दियो।,प्रविधि
यस वर्ष अनलाइन शिक्षाले विद्यार्थीलाई नयाँ अवसर दियो।,प्रविधि
"समाचारअनुसार, अनलाइन शिक्षाले विद्यार्थीलाई नयाँ अवसर दियो।",प्रविधि
"प्राप्त जानकारीअनुसार, अनलाइन शिक्षाले विद्यार्थीलाई नयाँ अवसर दियो।",प्रविधि
रोबोटले कारखानाको उत्पादन क्षमता बढायो।,प्रविधि
आज रोबोटले कारखानाको उत्पादन क्षमता बढायो।,प्रविधि
हिजो रोबोटले कारखानाको उत्पादन क्षमता बढायो।,प्रविधि
यस साता रोबोटले कारखानाको उत्पादन क्षमता बढायो।,प्रविधि
भर्खरै रोबोटले कारखानाको उत्पादन क्षमता बढायो।,प्रविधि
यस वर्ष रोबोटले कारखानाको उत्पादन क्षमता बढायो।,प्रविधि
"समाचारअनुसार, रोबोटले कारखानाको उत्पादन क्षमता बढायो।",प्रविधि
"प्राप्त जानकारीअनुसार, रोबोटले कारखानाको उत्पादन क्षमता बढायो।",प्रविधि
स्याटलाइट प्रविधिबाट सञ्चार सेवा विस्तार भयो।,प्रविधि
आज स्याटलाइट प्रविधिबाट सञ्चार सेवा विस्तार भयो।,प्रविधि
हिजो स्याटलाइट प्रविधिबाट सञ्चार सेवा विस्तार भयो।,प्रविधि
यस साता स्याटलाइट प्रविधिबाट सञ्चार सेवा विस्तार भयो।,प्रविधि
भर्खरै स्याटलाइट प्रविधिबाट सञ्चार सेवा विस्तार भयो।,प्रविधि
यस वर्ष स्याटलाइट प्रविधिबाट सञ्चार सेवा विस्तार भयो।,प्रविधि
"समाचारअनुसार, स्याटलाइट प्रविधिबाट सञ्चार सेवा विस्तार भयो।",प्रविधि
"प्राप्त जानकारीअनुसार, स्याटलाइट प्रविधिबाट सञ्चार सेवा विस्तार भयो।",प्रविधि
डेटा केन्द्रले क्लाउड सेवा सुचारु राख्यो।,प्रविधि
आज डेटा केन्द्रले क्लाउड सेवा सुचारु राख्यो।,प्रविधि
हिजो डेटा केन्द्रले क्लाउड सेवा सुचारु राख्यो।,प्रविधि
यस साता डेटा केन्द्रले क्लाउड सेवा सुचारु राख्यो।,प्रविधि
भर्खरै डेटा केन्द्रले क्लाउड सेवा सुचारु राख्यो।,प्रविधि
यस वर्ष डेटा केन्द्रले क्लाउड सेवा सुचारु राख्यो।,प्रविधि
"समाचारअनुसार, डेटा केन्द्रले क्लाउड सेवा सुचारु राख्यो।",प्रविधि
"प्राप्त जानकारीअनुसार, डेटा केन्द्रले क्लाउड सेवा सुचारु राख्यो।",प्रविधि
प्रविधि कम्पनीले नयाँ चिप उत्पादनको घोषणा गर्‍यो।,प्रविधि
आज प्रविधि कम्पनीले नयाँ चिप उत्पादनको घोषणा गर्‍यो।,प्रविधि
हिजो प्रविधि कम्पनीले नयाँ चिप उत्पादनको घोषणा गर्‍यो।,प्रविधि
यस साता प्रविधि कम्पनीले नयाँ चिप उत्पादनको घोषणा गर्‍यो।,प्रविधि
भर्खरै प्रविधि कम्पनीले नयाँ चिप उत्पादनको घोषणा गर्‍यो।,प्रविधि
यस वर्ष प्रविधि कम्पनीले नयाँ चिप उत्पादनको घोषणा गर्‍यो।,प्रविधि
"समाचारअनुसार, प्रविधि कम्पनीले नयाँ चिप उत्पादनको घोषणा गर्‍यो।",प्रविधि
"प्राप्त जानकारीअनुसार, प्रविधि कम्पनीले नयाँ चिप उत्पादनको घोषणा गर्‍यो।",प्रविधि
बजारमा सुनको मूल्य उच्च बिन्दुमा पुग्यो।,अर्थतन्त्र
आज बजारमा सुनको मूल्य उच्च बिन्दुमा पुग्यो।,अर्थतन्त्र
हिजो बजारमा सुनको मूल्य उच्च बिन्दुमा पुग्यो।,अर्थतन्त्र
यस साता बजारमा सुनको मूल्य उच्च बिन्दुमा पुग्यो।,अर्थतन्त्र
भर्खरै बजारमा सुनको मूल्य उच्च बिन्दुमा पुग्यो।,अर्थतन्त्र
यस वर्ष बजारमा सुनको मूल्य उच्च बिन्दुमा पुग्यो।,अर्थतन्त्र
"समाचारअनुसार, बजारमा सुनको मूल्य उच्च बिन्दुमा पुग्यो।",अर्थतन्त्र
"प्राप्त जानकारीअनुसार, बजारमा सुनको मूल्य उच्च बिन्दुमा पुग्यो।",अर्थतन्त्र
बैंकले ब्याजदर घटाउने निर्णय गर्‍यो।,अर्थतन्त्र
आज बैंकले ब्याजदर घटाउने निर्णय गर्‍यो।,अर्थतन्त्र
हिजो बैंकले ब्याजदर घटाउने निर्णय गर्‍यो।,अर्थतन्त्र
यस साता बैंकले ब्याजदर घटाउने निर्णय गर्‍यो।,अर्थतन्त्र
भर्खरै बैंकले ब्याजदर घटाउने निर्णय गर्‍यो।,अर्थतन्त्र
यस वर्ष बैंकले ब्याजदर घटाउने निर्णय गर्‍यो।,अर्थतन्त्र
"समाचारअनुसार, बैंकले ब्याजदर घटाउने निर्णय गर्‍यो।",अर्थतन्त्र
"प्राप्त जानकारीअनुसार, बैंकले ब्याजदर घटाउने निर्णय गर्‍यो।",अर्थतन्त्र
निर्यात बढ्दा व्यापार घाटा केही कम भयो।,अर्थतन्त्र
आज निर्यात बढ्दा व्यापार घाटा केही कम भयो।,अर्थतन्त्र
हिजो निर्यात बढ्दा व्यापार घाटा केही कम भयो।,अर्थतन्त्र
यस साता निर्यात बढ्दा व्यापार घाटा केही कम भयो।,अर्थतन्त्र
भर्खरै निर्यात बढ्दा व्यापार घाटा केही कम भयो।,अर्थतन्त्र
यस वर्ष निर्यात बढ्दा व्यापार घाटा केही कम भयो।,अर्थतन्त्र
"समाचारअनुसार, निर्यात बढ्दा व्यापार घाटा केही कम भयो।",अर्थतन्त्र
"प्राप्त जानकारीअनुसार, निर्यात बढ्दा व्यापार घाटा केही कम भयो।",अर्थतन्त्र
शेयर बजारमा लगानीकर्ता उत्साहित बने।,अर्थतन्त्र
आज शेयर बजारमा लगानीकर्ता उत्साहित बने।,अर्थतन्त्र
हिजो शेयर बजारमा लगानीकर्ता उत्साहित बने।,अर्थतन्त्र
यस साता शेयर बजारमा लगानीकर्ता उत्साहित बने।,अर्थतन्त्र
भर्खरै शेयर बजारमा लगानीकर्ता उत्साहित बने।,अर्थतन्त्र
यस वर्ष शेयर बजारमा लगानीकर्ता उत्साहित बने।,अर्थतन्त्र
"समाचारअनुसार, शेयर बजारमा लगानीकर्ता उत्साहित बने।",अर्थतन्त्र
"प्राप्त जानकारीअनुसार, शेयर बजारमा लगानीकर्ता उत्साहित बने।",अर्थतन्त्र
मुद्रास्फीति बढ्दा उपभोक्ता चिन्तित भए।,अर्थतन्त्र
आज मुद्रास्फीति बढ्दा उपभोक्ता चिन्तित भए।,अर्थतन्त्र
हिजो मुद्रास्फीति बढ्दा उपभोक्ता चिन्तित भए।,अर्थतन्त्र
यस साता मुद्रास्फीति बढ्दा उपभोक्ता चिन्तित भए।,अर्थतन्त्र
भर्खरै मुद्रास्फीति बढ्दा उपभोक्ता चिन्तित भए।,अर्थतन्त्र
यस वर्ष मुद्रास्फीति बढ्दा उपभोक्ता चिन्तित भए।,अर्थतन्त्र
"समाचारअनुसार, मुद्रास्फीति बढ्दा उपभोक्ता चिन्तित भए।",अर्थतन्त्र
"प्राप्त जानकारीअनुसार, मुद्रास्फीति बढ्दा उपभोक्ता चिन्तित भए।",अर्थतन्त्र
सरकारले नयाँ आर्थिक नीति सार्वजनिक गर्‍यो।,अर्थतन्त्र
आज सरकारले नयाँ आर्थिक नीति सार्वजनिक गर्‍यो।,अर्थतन्त्र
हिजो सरकारले नयाँ आर्थिक नीति सार्वजनिक गर्‍यो।,अर्थतन्त्र
यस साता सरकारले नयाँ आर्थिक नीति सार्वजनिक गर्‍यो।,अर्थतन्त्र
भर्खरै सरकारले नयाँ आर्थिक नीति सार्वजनिक गर्‍यो।,अर्थतन्त्र
यस वर्ष सरकारले नयाँ आर्थिक नीति सार्वजनिक गर्‍यो।,अर्थतन्त्र
"समाचारअनुसार, सरकारले नयाँ आर्थिक नीति सार्वजनिक गर्‍यो।",अर्थतन्त्र
"प्राप्त जानकारीअनुसार, सरकारले नयाँ आर्थिक नीति सार्वजनिक गर्‍यो।",अर्थतन्त्र
पर्यटन क्षेत्रले अर्थतन्त्रमा उल्लेख्य योगदान दियो।,अर्थतन्त्र
आज पर्यटन क्षेत्रले अर्थतन्त्रमा उल्लेख्य योगदान दियो।,अर्थतन्त्र
हिजो पर्यटन क्षेत्रले अर्थतन्त्रमा उल्लेख्य योगदान दियो।,अर्थतन्त्र
यस साता पर्यटन क्षेत्रले अर्थतन्त्रमा उल्लेख्य योगदान दियो।,अर्थतन्त्र
भर्खरै पर्यटन क्षेत्रले अर्थतन्त्रमा उल्लेख्य योगदान दियो।,अर्थतन्त्र
यस वर्ष पर्यटन क्षेत्रले अर्थतन्त्रमा उल्लेख्य योगदान दियो।,अर्थतन्त्र
"समाचारअनुसार, पर्यटन क्षेत्रले अर्थतन्त्रमा उल्लेख्य योगदान दियो।",अर्थतन्त्र
"प्राप्त जानकारीअनुसार, पर्यटन क्षेत्रले अर्थतन्त्रमा उल्लेख्य योगदान दियो।",अर्थतन्त्र
रेमिट्यान्स आप्रवाह उल्लेखनीय रूपमा बढ्यो।,अर्थतन्त्र
आज रेमिट्यान्स आप्रवाह उल्लेखनीय रूपमा बढ्यो।,अर्थतन्त्र
हिजो रेमिट्यान्स आप्रवाह उल्लेखनीय रूपमा बढ्यो।,अर्थतन्त्र
यस साता रेमिट्यान्स आप्रवाह उल्लेखनीय रूपमा बढ्यो।,अर्थतन्त्र
भर्खरै रेमिट्यान्स आप्रवाह उल्लेखनीय रूपमा बढ्यो।,अर्थतन्त्र
यस वर्ष रेमिट्यान्स आप्रवाह उल्लेखनीय रूपमा बढ्यो।,अर्थतन्त्र
"समाचारअनुसार, रेमिट्यान्स आप्रवाह उल्लेखनीय रूपमा बढ्यो।",अर्थतन्त्र
"प्राप्त जानकारीअनुसार, रेमिट्यान्स आप्रवाह उल्लेखनीय रूपमा बढ्यो।",अर्थतन्त्र
कृषि उत्पादनले किसानको आम्दानी बढायो।,अर्थतन्त्र
आज कृषि उत्पादनले किसानको आम्दानी बढायो।,अर्थतन्त्र
हिजो कृषि उत्पादनले किसानको आम्दानी बढायो।,अर्थतन्त्र
यस साता कृषि उत्पादनले किसानको आम्दानी बढायो।,अर्थतन्त्र
भर्खरै कृषि उत्पादनले किसानको आम्दानी बढायो।,अर्थतन्त्र
यस वर्ष कृषि उत्पादनले किसानको आम्दानी बढायो।,अर्थतन्त्र
"समाचारअनुसार, कृषि उत्पादनले किसानको आम्दानी बढायो।",अर्थतन्त्र
"प्राप्त जानकारीअनुसार, कृषि उत्पादनले किसानको आम्दानी बढायो।",अर्थतन्त्र
उद्योगीहरूले लगानीको वातावरण सुधारको माग गरे।,अर्थतन्त्र
आज उद्योगीहरूले लगानीको वातावरण सुधारको माग गरे।,अर्थतन्त्र
हिजो उद्योगीहरूले लगानीको वातावरण सुधारको माग गरे।,अर्थतन्त्र
यस साता उद्योगीहरूले लगानीको वातावरण सुधारको माग गरे।,अर्थतन्त्र
भर्खरै उद्योगीहरूले लगानीको वातावरण सुधारको माग गरे।,अर्थतन्त्र
यस वर्ष उद्योगीहरूले लगानीको वातावरण सुधारको माग गरे।,अर्थतन्त्र
"समाचारअनुसार, उद्योगीहरूले लगानीको वातावरण सुधारको माग गरे।",अर्थतन्त्र
"प्राप्त जानकारीअनुसार, उद्योगीहरूले लगानीको वातावरण सुधारको माग गरे।",अर्थतन्त्र
राष्ट्र बैंकले विदेशी मुद्रा सञ्चिति सार्वजनिक गर्‍यो।,अर्थतन्त्र
आज राष्ट्र बैंकले विदेशी मुद्रा सञ्चिति सार्वजनिक गर्‍यो।,अर्थतन्त्र
हिजो राष्ट्र बैंकले विदेशी मुद्रा सञ्चिति सार्वजनिक गर्‍यो।,अर्थतन्त्र
यस साता राष्ट्र बैंकले विदेशी मुद्रा सञ्चिति सार्वजनिक गर्‍यो।,अर्थतन्त्र
भर्खरै राष्ट्र बैंकले विदेशी मुद्रा सञ्चिति सार्वजनिक गर्‍यो।,अर्थतन्त्र
यस वर्ष राष्ट्र बैंकले विदेशी मुद्रा सञ्चिति सार्वजनिक गर्‍यो।,अर्थतन्त्र
"समाचारअनुसार, राष्ट्र बैंकले विदेशी मुद्रा सञ्चिति सार्वजनिक गर्‍यो।",अर्थतन्त्र
"प्राप्त जानकारीअनुसार, राष्ट्र बैंकले विदेशी मुद्रा सञ्चिति सार्वजनिक गर्‍यो।",अर्थतन्त्र
पेट्रोलियम पदार्थको मूल्यमा वृद्धि भयो।,अर्थतन्त्र
आज पेट्रोलियम पदार्थको मूल्यमा वृद्धि भयो।,अर्थतन्त्र
हिजो पेट्रोलियम पदार्थको मूल्यमा वृद्धि भयो।,अर्थतन्त्र
यस साता पेट्रोलियम पदार्थको मूल्यमा वृद्धि भयो।,अर्थतन्त्र
भर्खरै पेट्रोलियम पदार्थको मूल्यमा वृद्धि भयो।,अर्थतन्त्र
यस वर्ष पेट्रोलियम पदार्थको मूल्यमा वृद्धि भयो।,अर्थतन्त्र
"समाचारअनुसार, पेट्रोलियम पदार्थको मूल्यमा वृद्धि भयो।",अर्थतन्त्र
"प्राप्त जानकारीअनुसार, पेट्रोलियम पदार्थको मूल्यमा वृद्धि भयो।",अर्थतन्त्र
नयाँ स्टार्टअपले ठूलो लगानी भित्र्यायो।,अर्थतन्त्र
आज नयाँ स्टार्टअपले ठूलो लगानी भित्र्यायो।,अर्थतन्त्र
हिजो नयाँ स्टार्टअपले ठूलो लगानी भित्र्यायो।,अर्थतन्त्र
यस साता नयाँ स्टार्टअपले ठूलो लगानी भित्र्यायो।,अर्थतन्त्र
भर्खरै नयाँ स्टार्टअपले ठूलो लगानी भित्र्यायो।,अर्थतन्त्र
यस वर्ष नयाँ स्टार्टअपले ठूलो लगानी भित्र्यायो।,अर्थतन्त्र
"समाचारअनुसार, नयाँ स्टार्टअपले ठूलो लगानी भित्र्यायो।",अर्थतन्त्र
"प्राप्त जानकारीअनुसार, नयाँ स्टार्टअपले ठूलो लगानी भित्र्यायो।",अर्थतन्त्र
राजस्व संकलन लक्ष्यभन्दा बढी भयो।,अर्थतन्त्र
आज राजस्व संकलन लक्ष्यभन्दा बढी भयो।,अर्थतन्त्र
हिजो राजस्व संकलन लक्ष्यभन्दा बढी भयो।,अर्थतन्त्र
यस साता राजस्व संकलन लक्ष्यभन्दा बढी भयो।,अर्थतन्त्र
भर्खरै राजस्व संकलन लक्ष्यभन्दा बढी भयो।,अर्थतन्त्र
यस वर्ष राजस्व संकलन लक्ष्यभन्दा बढी भयो।,अर्थतन्त्र
"समाचारअनुसार, राजस्व संकलन लक्ष्यभन्दा बढी भयो।",अर्थतन्त्र
"प्राप्त जानकारीअनुसार, राजस्व संकलन लक्ष्यभन्दा बढी भयो।",अर्थतन्त्र
नयाँ नेपाली चलचित्र प्रदर्शनमा आयो।,मनोरञ्जन
आज नयाँ नेपाली चलचित्र प्रदर्शनमा आयो।,मनोरञ्जन
हिजो नयाँ नेपाली चलचित्र प्रदर्शनमा आयो।,मनोरञ्जन
यस साता नयाँ नेपाली चलचित्र प्रदर्शनमा आयो।,मनोरञ्जन
भर्खरै नयाँ नेपाली चलचित्र प्रदर्शनमा आयो।,मनोरञ्जन
यस वर्ष नयाँ नेपाली चलचित्र प्रदर्शनमा आयो।,मनोरञ्जन
"समाचारअनुसार, नयाँ नेपाली चलचित्र प्रदर्शनमा आयो।",मनोरञ्जन
"प्राप्त जानकारीअनुसार, नयाँ नेपाली चलचित्र प्रदर्शनमा आयो।",मनोरञ्जन
गायकको नयाँ गीत दर्शकमाझ लोकप्रिय भयो।,मनोरञ्जन
आज गायकको नयाँ गीत दर्शकमाझ लोकप्रिय भयो।,मनोरञ्जन
हिजो गायकको नयाँ गीत दर्शकमाझ लोकप्रिय भयो।,मनोरञ्जन
यस साता गायकको नयाँ गीत दर्शकमाझ लोकप्रिय भयो।,मनोरञ्जन
भर्खरै गायकको नयाँ गीत दर्शकमाझ लोकप्रिय भयो।,मनोरञ्जन
यस वर्ष गायकको नयाँ गीत दर्शकमाझ लोकप्रिय भयो।,मनोरञ्जन
"समाचारअनुसार, गायकको नयाँ गीत दर्शकमाझ लोकप्रिय भयो।",मनोरञ्जन
"प्राप्त जानकारीअनुसार, गायकको नयाँ गीत दर्शकमाझ लोकप्रिय भयो।",मनोरञ्जन
कलाकारले प्रतिष्ठित पुरस्कार जिते।,मनोरञ्जन
आज कलाकारले प्रतिष्ठित पुरस्कार जिते।,मनोरञ्जन
हिजो कलाकारले प्रतिष्ठित पुरस्कार जिते।,मनोरञ्जन
यस साता कलाकारले प्रतिष्ठित पुरस्कार जिते।,मनोरञ्जन
भर्खरै कलाकारले प्रतिष्ठित पुरस्कार जिते।,मनोरञ्जन
यस वर्ष कलाकारले प्रतिष्ठित पुरस्कार जिते।,मनोरञ्जन
"समाचारअनुसार, कलाकारले प्रतिष्ठित पुरस्कार जिते।",मनोरञ्जन
"प्राप्त जानकारीअनुसार, कलाकारले प्रतिष्ठित पुरस्कार जिते।",मनोरञ्जन
टेलिभिजन कार्यक्रमले राम्रो प्रतिक्रिया पायो।,मनोरञ्जन
आज टेलिभिजन कार्यक्रमले राम्रो प्रतिक्रिया पायो।,मनोरञ्जन
हिजो टेलिभिजन कार्यक्रमले राम्रो प्रतिक्रिया पायो।,मनोरञ्जन
यस साता टेलिभिजन कार्यक्रमले राम्रो प्रतिक्रिया पायो।,मनोरञ्जन
भर्खरै टेलिभिजन कार्यक्रमले राम्रो प्रतिक्रिया पायो।,मनोरञ्जन
यस वर्ष टेलिभिजन कार्यक्रमले राम्रो प्रतिक्रिया पायो।,मनोरञ्जन
"समाचारअनुसार, टेलिभिजन कार्यक्रमले राम्रो प्रतिक्रिया पायो।",मनोरञ्जन
"प्राप्त जानकारीअनुसार, टेलिभिजन कार्यक्रमले राम्रो प्रतिक्रिया पायो।",मनोरञ्जन
संगीत महोत्सवमा हजारौं दर्शक जुटे।,मनोरञ्जन
आज संगीत महोत्सवमा हजारौं दर्शक जुटे।,मनोरञ्जन
हिजो संगीत महोत्सवमा हजारौं दर्शक जुटे।,मनोरञ्जन
यस साता संगीत महोत्सवमा हजारौं दर्शक जुटे।,मनोरञ्जन
भर्खरै संगीत महोत्सवमा हजारौं दर्शक जुटे।,मनोरञ्जन
यस वर्ष संगीत महोत्सवमा हजारौं दर्शक जुटे।,मनोरञ्जन
"समाचारअनुसार, संगीत महोत्सवमा हजारौं दर्शक जुटे।",मनोरञ्जन
"प्राप्त जानकारीअनुसार, संगीत महोत्सवमा हजारौं दर्शक जुटे।",मनोरञ्जन
फिल्मको ट्रेलर सामाजिक सञ्जालमा भाइरल भयो।,मनोरञ्जन
आज फिल्मको ट्रेलर सामाजिक सञ्जालमा भाइरल भयो।,मनोरञ्जन
हिजो फिल्मको ट्रेलर सामाजिक सञ्जालमा भाइरल भयो।,मनोरञ्जन
यस साता फिल्मको ट्रेलर सामाजिक सञ्जालमा भाइरल भयो।,मनोरञ्जन
भर्खरै फिल्मको ट्रेलर सामाजिक सञ्जालमा भाइरल भयो।,मनोरञ्जन
यस वर्ष फिल्मको ट्रेलर सामाजिक सञ्जालमा भाइरल भयो।,मनोरञ्जन
"समाचारअनुसार, फिल्मको ट्रेलर सामाजिक सञ्जालमा भाइरल भयो।",मनोरञ्जन
"प्राप्त जानकारीअनुसार, फिल्मको ट्रेलर सामाजिक सञ्जालमा भाइरल भयो।",मनोरञ्जन
निर्देशकले नयाँ चलचित्रको घोषणा गरे।,मनोरञ्जन
आज निर्देशकले नयाँ चलचित्रको घोषणा गरे।,मनोरञ्जन
हिजो निर्देशकले नयाँ चलचित्रको घोषणा गरे।,मनोरञ्जन
यस साता निर्देशकले नयाँ चलचित्रको घोषणा गरे।,मनोरञ्जन
भर्खरै निर्देशकले नयाँ चलचित्रको घोषणा गरे।,मनोरञ्जन
यस वर्ष निर्देशकले नयाँ चलचित्रको घोषणा गरे।,मनोरञ्जन
"समाचारअनुसार, निर्देशकले नयाँ चलचित्रको घोषणा गरे।",मनोरञ्जन
"प्राप्त जानकारीअनुसार, निर्देशकले नयाँ चलचित्रको घोषणा गरे।",मनोरञ्जन
नाटकको मञ्चनले दर्शकको मन जित्यो।,मनोरञ्जन
आज नाटकको मञ्चनले दर्शकको मन जित्यो।,मनोरञ्जन
हिजो नाटकको मञ्चनले दर्शकको मन जित्यो।,मनोरञ्जन
यस साता नाटकको मञ्चनले दर्शकको मन जित्यो।,मनोरञ्जन
भर्खरै नाटकको मञ्चनले दर्शकको मन जित्यो।,मनोरञ्जन
यस वर्ष नाटकको मञ्चनले दर्शकको मन जित्यो।,मनोरञ्जन
"समाचारअनुसार, नाटकको मञ्चनले दर्शकको मन जित्यो।",मनोरञ्जन
"प्राप्त जानकारीअनुसार, नाटकको मञ्चनले दर्शकको मन जित्यो।",मनोरञ्जन
अभिनेत्रीले आफ्नो नयाँ भूमिकाबारे कुरा गरिन्।,मनोरञ्जन
आज अभिनेत्रीले आफ्नो नयाँ भूमिकाबारे कुरा गरिन्।,मनोरञ्जन
हिजो अभिनेत्रीले आफ्नो नयाँ भूमिकाबारे कुरा गरिन्।,मनोरञ्जन
यस साता अभिनेत्रीले आफ्नो नयाँ भूमिकाबारे कुरा गरिन्।,मनोरञ्जन
भर्खरै अभिनेत्रीले आफ्नो नयाँ भूमिकाबारे कुरा गरिन्।,मनोरञ्जन
यस वर्ष अभिनेत्रीले आफ्नो नयाँ भूमिकाबारे कुरा गरिन्।,मनोरञ्जन
"समाचारअनुसार, अभिनेत्रीले आफ्नो नयाँ भूमिकाबारे कुरा गरिन्।",मनोरञ्जन
"प्राप्त जानकारीअनुसार, अभिनेत्रीले आफ्नो नयाँ भूमिकाबारे कुरा गरिन्।",मनोरञ्जन
लोकप्रिय शृंखलाको नयाँ सिजन सुरु भयो।,मनोरञ्जन
आज लोकप्रिय शृंखलाको नयाँ सिजन सुरु भयो।,मनोरञ्जन
हिजो लोकप्रिय शृंखलाको नयाँ सिजन सुरु भयो।,मनोरञ्जन
यस साता लोकप्रिय शृंखलाको नयाँ सिजन सुरु भयो।,मनोरञ्जन
भर्खरै लोकप्रिय शृंखलाको नयाँ सिजन सुरु भयो।,मनोरञ्जन
यस वर्ष लोकप्रिय शृंखलाको नयाँ सिजन सुरु भयो।,मनोरञ्जन
"समाचारअनुसार, लोकप्रिय शृंखलाको नयाँ सिजन सुरु भयो।",मनोरञ्जन
"प्राप्त जानकारीअनुसार, लोकप्रिय शृंखलाको नयाँ सिजन सुरु भयो।",मनोरञ्जन
संगीतकारले नयाँ एल्बम सार्वजनिक गरे।,मनोरञ्जन
आज संगीतकारले नयाँ एल्बम सार्वजनिक गरे।,मनोरञ्जन
हिजो संगीतकारले नयाँ एल्बम सार्वजनिक गरे।,मनोरञ्जन
यस साता संगीतकारले नयाँ एल्बम सार्वजनिक गरे।,मनोरञ्जन
भर्खरै संगीतकारले नयाँ एल्बम सार्वजनिक गरे।,मनोरञ्जन
यस वर्ष संगीतकारले नयाँ एल्बम सार्वजनिक गरे।,मनोरञ्जन
"समाचारअनुसार, संगीतकारले नयाँ एल्बम सार्वजनिक गरे।",मनोरञ्जन
"प्राप्त जानकारीअनुसार, संगीतकारले नयाँ एल्बम सार्वजनिक गरे।",मनोरञ्जन
फिल्म पुरस्कार समारोह भव्य रूपमा सम्पन्न भयो।,मनोरञ्जन
आज फिल्म पुरस्कार समारोह भव्य रूपमा सम्पन्न भयो।,मनोरञ्जन
हिजो फिल्म पुरस्कार समारोह भव्य रूपमा सम्पन्न भयो।,मनोरञ्जन
यस साता फिल्म पुरस्कार समारोह भव्य रूपमा सम्पन्न भयो।,मनोरञ्जन
भर्खरै फिल्म पुरस्कार समारोह भव्य रूपमा सम्पन्न भयो।,मनोरञ्जन
यस वर्ष फिल्म पुरस्कार समारोह भव्य रूपमा सम्पन्न भयो।,मनोरञ्जन
"समाचारअनुसार, फिल्म पुरस्कार समारोह भव्य रूपमा सम्पन्न भयो।",मनोरञ्जन
"प्राप्त जानकारीअनुसार, फिल्म पुरस्कार समारोह भव्य रूपमा सम्पन्न भयो।",मनोरञ्जन
हास्य कलाकारको प्रस्तुतिले दर्शकलाई हँसायो।,मनोरञ्जन
आज हास्य कलाकारको प्रस्तुतिले दर्शकलाई हँसायो।,मनोरञ्जन
हिजो हास्य कलाकारको प्रस्तुतिले दर्शकलाई हँसायो।,मनोरञ्जन
यस साता हास्य कलाकारको प्रस्तुतिले दर्शकलाई हँसायो।,मनोरञ्जन
भर्खरै हास्य कलाकारको प्रस्तुतिले दर्शकलाई हँसायो।,मनोरञ्जन
यस वर्ष हास्य कलाकारको प्रस्तुतिले दर्शकलाई हँसायो।,मनोरञ्जन
"समाचारअनुसार, हास्य कलाकारको प्रस्तुतिले दर्शकलाई हँसायो।",मनोरञ्जन
"प्राप्त जानकारीअनुसार, हास्य कलाकारको प्रस्तुतिले दर्शकलाई हँसायो।",मनोरञ्जन
नयाँ म्युजिक भिडियो अनलाइनमा ट्रेन्डिङ भयो।,मनोरञ्जन
आज नयाँ म्युजिक भिडियो अनलाइनमा ट्रेन्डिङ भयो।,मनोरञ्जन
हिजो नयाँ म्युजिक भिडियो अनलाइनमा ट्रेन्डिङ भयो।,मनोरञ्जन
यस साता नयाँ म्युजिक भिडियो अनलाइनमा ट्रेन्डिङ भयो।,मनोरञ्जन
भर्खरै नयाँ म्युजिक भिडियो अनलाइनमा ट्रेन्डिङ भयो।,मनोरञ्जन
यस वर्ष नयाँ म्युजिक भिडियो अनलाइनमा ट्रेन्डिङ भयो।,मनोरञ्जन
"समाचारअनुसार, नयाँ म्युजिक भिडियो अनलाइनमा ट्रेन्डिङ भयो।",मनोरञ्जन
"प्राप्त जानकारीअनुसार, नयाँ म्युजिक भिडियो अनलाइनमा ट्रेन्डिङ भयो।",मनोरञ्जन
